"","VALUE","Freq","EVT_NAME","LFRDB","EVT_FUEL","EVT_Fuel_N","EVT_LF","EVT_PHYS","EVT_GP","EVT_GP_N","SAF_SRM","EVT_ORDER","EVT_CLASS","EVT_SBCLS","R","G","B","RED","GREEN","BLUE","ACRES","REL_PERCENT"
"1",7011,14434152,"Rocky Mountain Aspen Forest and Woodland",7011,2011,"Tr Rocky Mountain Aspen Forest and Woodland","Tree","Hardwood",602,"Aspen Forest, Woodland, and Parkland","SAF 217: Aspen","Tree-dominated","Open tree canopy","Deciduous open tree canopy",192,255,138,0.752941,1,0.541176,3210078,8.9
"2",7016,3222666,"Colorado Plateau Pinyon-Juniper Woodland",7016,2016,"Tr Colorado Plateau Pinyon-Juniper Woodland","Tree","Conifer",630,"Pinyon-Juniper Woodland","SRM 504: Juniper-Pinyon Pine Woodland","Tree-dominated","Open tree canopy","Evergreen open tree canopy",121,255,94,0.47451,1,0.368627,716704,2
"3",7049,43985,"Rocky Mountain Foothill Limber Pine-Juniper Woodland",7049,2049,"Tr Rocky Mountain Foothill Limber Pine-Juniper Woodland","Tree","Conifer",621,"Limber Pine Woodland","SAF 219: Limber Pine","Tree-dominated","Open tree canopy","Evergreen open tree canopy",174,245,224,0.682353,0.960784,0.878431,9782,0
"4",7050,9236384,"Rocky Mountain Lodgepole Pine Forest",7050,2050,"Tr Rocky Mountain Lodgepole Pine Forest","Tree","Conifer",622,"Lodgepole Pine Forest and Woodland","SAF 218: Lodgepole Pine","Tree-dominated","Closed tree canopy","Evergreen closed tree canopy",163,240,219,0.639216,0.941176,0.858824,2054122,5.7
"5",7051,8858293,"Southern Rocky Mountain Dry-Mesic Montane Mixed Conifer Forest and Woodland",7051,2051,"Tr Southern Rocky Mountain Dry-Mesic Montane Mixed Conifer Forest and Woodland","Tree","Conifer",625,"Douglas-fir-Ponderosa Pine-Lodgepole Pine Forest and Woodland","SAF 210: Interior Douglas-Fir","Tree-dominated","Closed tree canopy","Evergreen closed tree canopy",0,51,0,0,0.2,0,1970037,5.5
"6",7052,4572318,"Southern Rocky Mountain Mesic Montane Mixed Conifer Forest and Woodland",7052,2052,"Tr Southern Rocky Mountain Mesic Montane Mixed Conifer Forest and Woodland","Tree","Conifer",643,"Douglas-fir-Grand Fir-White Fir Forest and Woodland","SAF 211: White Fir","Tree-dominated","Closed tree canopy","Evergreen closed tree canopy",0,204,0,0,0.8,0,1016859,2.8
"7",7054,24589555,"Southern Rocky Mountain Ponderosa Pine Woodland",7054,2054,"Tr Southern Rocky Mountain Ponderosa Pine Woodland","Tree","Conifer",631,"Ponderosa Pine Forest, Woodland and Savanna","SAF 237: Interior Ponderosa Pine","Tree-dominated","Open tree canopy","Evergreen open tree canopy",214,255,181,0.839216,1,0.709804,5468585,15.2
"8",7055,26021485,"Rocky Mountain Subalpine Dry-Mesic Spruce-Fir Forest and Woodland",7055,2055,"Tr Rocky Mountain Subalpine Dry-Mesic Spruce-Fir Forest and Woodland","Tree","Conifer",639,"Spruce-Fir Forest and Woodland","SAF 206: Engelmann Spruce-Subalpine Fir","Tree-dominated","Closed tree canopy","Evergreen closed tree canopy",236,252,204,0.92549,0.988235,0.8,5787039,16.1
"9",7056,112289,"Rocky Mountain Subalpine Mesic-Wet Spruce-Fir Forest and Woodland",7056,2056,"Tr Rocky Mountain Subalpine Mesic-Wet Spruce-Fir Forest and Woodland","Tree","Conifer",639,"Spruce-Fir Forest and Woodland","SAF 206: Engelmann Spruce-Subalpine Fir","Tree-dominated","Closed tree canopy","Evergreen closed tree canopy",236,252,204,0.92549,0.988235,0.8,24972,0.1
"10",7057,1073115,"Rocky Mountain Subalpine-Montane Limber-Bristlecone Pine Woodland",7057,2057,"Tr Rocky Mountain Subalpine-Montane Limber-Bristlecone Pine Woodland","Tree","Conifer",621,"Limber Pine Woodland","SAF 209: Bristlecone Pine","Tree-dominated","Open tree canopy","Evergreen open tree canopy",63,255,46,0.247059,1,0.180392,238655,0.7
"11",7059,7472563,"Southern Rocky Mountain Pinyon-Juniper Woodland",7059,2059,"Tr Southern Rocky Mountain Pinyon-Juniper Woodland","Tree","Conifer",630,"Pinyon-Juniper Woodland","SRM 504: Juniper-Pinyon Pine Woodland","Tree-dominated","Open tree canopy","Evergreen open tree canopy",121,255,94,0.47451,1,0.368627,1661858,4.6
"12",7061,787987,"Inter-Mountain Basins Aspen-Mixed Conifer Forest and Woodland",7061,2061,"Tr Inter-Mountain Basins Aspen-Mixed Conifer Forest and Woodland","Tree","Conifer-Hardwood",603,"Aspen-Mixed Conifer Forest and Woodland","SAF 217: Aspen","Tree-dominated","Open tree canopy","Mixed evergreen-deciduous open tree canopy",192,255,138,0.752941,1,0.541176,175244,0.5
"13",7062,774,"Inter-Mountain Basins Curl-leaf Mountain Mahogany Woodland",7062,2062,"Tr Inter-Mountain Basins Curl-leaf Mountain Mahogany Woodland and Shrubland","Tree","Conifer",628,"Mountain Mahogany Woodland and Shrubland","SRM 415: Curlleaf Mountain-Mahogany","Tree-dominated","Open tree canopy","Evergreen open tree canopy",155,235,216,0.607843,0.921569,0.847059,172,0
"14",7064,38091,"Colorado Plateau Mixed Low Sagebrush Shrubland",7064,2064,"Sh Colorado Plateau Mixed Low Sagebrush Shrubland","Shrub","Shrubland",623,"Low Sagebrush Shrubland and Steppe","SRM 405: Black Sagebrush","Shrub-dominated","Dwarf-shrubland","Evergreen dwarf-shrubland",204,182,135,0.8,0.713725,0.529412,8471,0
"15",7066,33,"Inter-Mountain Basins Mat Saltbush Shrubland",7066,2066,"Sh Inter-Mountain Basins Mat Saltbush Shrubland","Shrub","Shrubland",636,"Salt Desert Scrub","SRM 501: Saltbush-Greasewood","Shrub-dominated","Dwarf-shrubland","Evergreen dwarf-shrubland",194,170,126,0.760784,0.666667,0.494118,7,0
"16",7070,295142,"Rocky Mountain Alpine Dwarf-Shrubland",7070,2070,"Sh Rocky Mountain Alpine Dwarf-Shrubland","Shrub","Shrubland",601,"Alpine Dwarf-Shrubland, Fell-field and Meadow","SRM 410: Alpine Rangeland","Shrub-dominated","Dwarf-shrubland","Evergreen dwarf-shrubland",171,145,106,0.670588,0.568627,0.415686,65638,0.2
"17",7072,33040,"Wyoming Basins Dwarf Sagebrush Shrubland and Steppe",7072,2072,"Sh Wyoming Basins Dwarf Sagebrush Shrubland and Steppe","Shrub","Shrubland",623,"Low Sagebrush Shrubland and Steppe","SRM 405: Black Sagebrush","Shrub-dominated","Dwarf-shrubland","Evergreen dwarf-shrubland",204,182,135,0.8,0.713725,0.529412,7348,0
"18",7080,2898777,"Inter-Mountain Basins Big Sagebrush Shrubland",7080,2080,"Sh Inter-Mountain Basins Big Sagebrush Shrubland","Shrub","Shrubland",604,"Big Sagebrush Shrubland and Steppe","SRM 403: Wyoming Big Sagebrush","Shrub-dominated","Shrubland","Evergreen shrubland",130,101,72,0.509804,0.396078,0.282353,644672,1.8
"19",7081,48312,"Inter-Mountain Basins Mixed Salt Desert Scrub",7081,2081,"Sh Inter-Mountain Basins Mixed Salt Desert Scrub","Shrub","Shrubland",636,"Salt Desert Scrub","SRM 414: Salt Desert Shrub","Shrub-dominated","Shrubland","Evergreen shrubland",156,128,92,0.611765,0.501961,0.360784,10744,0
"20",7086,3551352,"Rocky Mountain Lower Montane-Foothill Shrubland",7086,2086,"Sh Rocky Mountain Lower Montane-Foothill Shrubland","Shrub","Shrubland",612,"Deciduous Shrubland","SRM 421: Chokecherry-Serviceberry-Rose","Shrub-dominated","Shrubland","Mixed evergreen-deciduous shrubland",117,87,61,0.458824,0.341176,0.239216,789802,2.2
"21",7093,6,"Southern Colorado Plateau Sand Shrubland",7093,2093,"Sh Southern Colorado Plateau Sand Shrubland","Shrub","Shrubland",637,"Sand Shrubland","SRM 605: Sandsage Prairie","Shrub-dominated","Shrubland","Mixed evergreen-deciduous shrubland",112,82,57,0.439216,0.321569,0.223529,1,0
"22",7094,36,"Western Great Plains Sandhill Steppe",7094,2094,"Sh Western Great Plains Sandhill Steppe","Shrub","Shrubland",637,"Sand Shrubland","SRM 605: Sandsage Prairie","Shrub-dominated","Shrubland","Mixed evergreen-deciduous shrubland",112,82,57,0.439216,0.321569,0.223529,8,0
"23",7102,2,"Colorado Plateau Pinyon-Juniper Shrubland",7102,2102,"Sh Colorado Plateau Pinyon-Juniper Shrubland","Shrub","Shrubland",699,"Pinyon-Juniper Shrubland","SRM 504: Juniper-Pinyon Pine Woodland","Shrub-dominated","Shrubland","Evergreen shrubland",121,255,94,0.47451,1,0.368627,0,0
"24",7107,7533302,"Rocky Mountain Gambel Oak-Mixed Montane Shrubland",7107,2107,"Sh Rocky Mountain Gambel Oak-Mixed Montane Shrubland","Shrub","Shrubland",612,"Deciduous Shrubland","SRM 413: Gambel oak","Shrub-dominated","Shrubland","Mixed evergreen-deciduous shrubland",245,175,54,0.960784,0.686275,0.211765,1675366,4.6
"25",7115,974,"Inter-Mountain Basins Juniper Savanna",7115,2115,"Tr Inter-Mountain Basins Juniper Savanna","Tree","Conifer",620,"Juniper Woodland and Savanna","SRM 412: Juniper-Pinyon Woodland","Tree-dominated","Sparse tree canopy","Evergreen sparse tree canopy",78,255,59,0.305882,1,0.231373,217,0
"26",7117,223972,"Southern Rocky Mountain Ponderosa Pine Savanna",7117,2117,"Tr Southern Rocky Mountain Ponderosa Pine Savanna","Tree","Conifer",631,"Ponderosa Pine Forest, Woodland and Savanna","SAF 237: Interior Ponderosa Pine","Tree-dominated","Sparse tree canopy","Evergreen sparse tree canopy",214,255,181,0.839216,1,0.709804,49810,0.1
"27",7119,21750,"Southern Rocky Mountain Juniper Woodland and Savanna",7119,2119,"Tr Southern Rocky Mountain Juniper Woodland and Savanna","Tree","Conifer",620,"Juniper Woodland and Savanna","SRM 504: Juniper-Pinyon Pine Woodland","Tree-dominated","Sparse tree canopy","Evergreen sparse tree canopy",121,255,94,0.47451,1,0.368627,4837,0
"28",7125,543270,"Inter-Mountain Basins Big Sagebrush Steppe",7125,2125,"Sh Inter-Mountain Basins Big Sagebrush Steppe","Shrub","Shrubland",604,"Big Sagebrush Shrubland and Steppe","SRM 314: Big Sagebrush-Bluebunch Wheatgrass","Shrub-dominated","Shrubland","Mixed evergreen-deciduous shrubland",230,151,41,0.901961,0.592157,0.160784,120820,0.3
"29",7126,11484509,"Inter-Mountain Basins Montane Sagebrush Steppe",7126,2126,"Sh Inter-Mountain Basins Montane Sagebrush Steppe","Shrub","Shrubland",604,"Big Sagebrush Shrubland and Steppe","SRM 402: Mountain Big Sagebrush","Shrub-dominated","Shrubland","Mixed evergreen-deciduous shrubland",219,140,37,0.858824,0.54902,0.145098,2554093,7.1
"30",7127,761510,"Inter-Mountain Basins Semi-Desert Shrub-Steppe",7127,2127,"Sh Inter-Mountain Basins Semi-Desert Shrub-Steppe","Shrub","Shrubland",613,"Desert Scrub","SRM 403: Wyoming Big Sagebrush","Shrub-dominated","Shrubland","Mixed evergreen-deciduous shrubland",130,101,72,0.509804,0.396078,0.282353,169356,0.5
"31",7132,1312,"Central Mixedgrass Prairie Grassland",7132,2132,"Sh Central Mixedgrass Prairie","Herb","Grassland",646,"Mixedgrass Prairie","SRM 704: Blue Grama-Western Wheatgrass","Herbaceous / Nonvascular-dominated","Herbaceous - grassland","Perennial graminoid grassland",255,241,140,1,0.945098,0.54902,292,0
"32",7135,221671,"Inter-Mountain Basins Semi-Desert Grassland",7135,2135,"He Inter-Mountain Basins Semi-Desert Grassland","Herb","Grassland",617,"Grassland","SRM 502: Grama-Galetta","Herbaceous / Nonvascular-dominated","Herbaceous - grassland","Perennial graminoid grassland",255,200,125,1,0.784314,0.490196,49298,0.1
"33",7139,2,"Northern Rocky Mountain Lower Montane-Foothill-Valley Grassland",7139,2139,"He Northern Rocky Mountain Lower Montane-Foothill-Valley Grassland","Herb","Grassland",617,"Grassland","SRM 311: Rough Fescue-Bluebunch Wheatgrass","Herbaceous / Nonvascular-dominated","Herbaceous - grassland","Perennial graminoid grassland",255,191,102,1,0.74902,0.4,0,0
"34",7141,1417603,"Northwestern Great Plains Mixedgrass Prairie",7141,2141,"He Northwestern Great Plains Mixedgrass Prairie","Herb","Grassland",646,"Mixedgrass Prairie","SRM 606: Wheatgrass-Bluestem-Needlegrass","Herbaceous / Nonvascular-dominated","Herbaceous - grassland","Perennial graminoid grassland",255,176,92,1,0.690196,0.360784,315267,0.9
"35",7143,58037,"Rocky Mountain Alpine Fell-Field",7143,2143,"He Rocky Mountain Alpine Fell-Field","Herb","Grassland",601,"Alpine Dwarf-Shrubland, Fell-field and Meadow","SRM 410: Alpine Rangeland","Herbaceous / Nonvascular-dominated","Herbaceous - grassland","Perennial graminoid grassland",171,145,106,0.670588,0.568627,0.415686,12907,0
"36",7144,1955759,"Rocky Mountain Alpine Turf",7144,2144,"He Rocky Mountain Alpine Turf","Herb","Grassland",616,"Dry Tundra","SRM 410: Alpine Rangeland","Herbaceous / Nonvascular-dominated","Herbaceous - grassland","Perennial graminoid grassland",171,145,106,0.670588,0.568627,0.415686,434950,1.2
"37",7145,2366671,"Rocky Mountain Subalpine-Montane Mesic Meadow",7145,2145,"He Rocky Mountain Subalpine-Montane Mesic Meadow","Herb","Grassland",601,"Alpine Dwarf-Shrubland, Fell-field and Meadow","SRM 409: Tall Forb","Herbaceous / Nonvascular-dominated","Herbaceous - grassland","Perennial graminoid grassland",255,163,82,1,0.639216,0.321569,526335,1.5
"38",7146,9348428,"Southern Rocky Mountain Montane-Subalpine Grassland",7146,2146,"He Southern Rocky Mountain Montane-Subalpine Grassland","Herb","Grassland",617,"Grassland","SRM 410: Alpine Rangeland","Herbaceous / Nonvascular-dominated","Herbaceous - grassland","Perennial graminoid grassland",171,145,106,0.670588,0.568627,0.415686,2079040,5.8
"39",7147,618327,"Western Great Plains Foothill and Piedmont Grassland",7147,2147,"He Western Great Plains Foothill and Piedmont Grassland","Herb","Grassland",617,"Grassland","SRM 604: Bluestem-Grama Prairie","Herbaceous / Nonvascular-dominated","Herbaceous - grassland","Perennial graminoid grassland",255,157,77,1,0.615686,0.301961,137513,0.4
"40",7148,211,"Western Great Plains Sand Prairie",7148,2148,"He Western Great Plains Sand Prairie","Herb","Grassland",647,"Sand Prairie","SRM 720: Sand Bluestem -Little Bluestem Dunes","Herbaceous / Nonvascular-dominated","Herbaceous - grassland","Perennial graminoid grassland",255,148,71,1,0.580392,0.278431,47,0
"41",7149,171314,"Western Great Plains Shortgrass Prairie",7149,2149,"He Western Great Plains Shortgrass Prairie","Herb","Grassland",648,"Shortgrass Prairie","SRM 611: Blue Grama-Buffalograss","Herbaceous / Nonvascular-dominated","Herbaceous - grassland","Perennial graminoid grassland",255,142,66,1,0.556863,0.258824,38099,0.1
"42",7153,30014,"Inter-Mountain Basins Greasewood Flat",7153,2153,"Sh Inter-Mountain Basins Greasewood Flat","Shrub","Shrubland",619,"Greasewood Shrubland","SRM 501: Saltbush-Greasewood","Shrub-dominated","Shrubland","Evergreen shrubland",194,170,126,0.760784,0.666667,0.494118,6675,0
"43",7179,43,"Northwestern Great Plains-Black Hills Ponderosa Pine Woodland and Savanna",7179,2179,"Tr Northwestern Great Plains-Black Hills Ponderosa Pine Woodland and Savanna","Tree","Conifer",631,"Ponderosa Pine Forest, Woodland and Savanna","SAF 237: Interior Ponderosa Pine","Tree-dominated","Open tree canopy","Evergreen open tree canopy",214,255,181,0.839216,1,0.709804,10,0
"44",7207,133,"Central Mixedgrass Prairie Shrubland",7132,2132,"Sh Central Mixedgrass Prairie","Shrub","Shrubland",646,"Mixedgrass Prairie","SRM 704: Blue Grama-Western Wheatgrass","Shrub-dominated","Shrubland","Mixed evergreen-deciduous shrubland",255,241,140,1,0.945098,0.54902,30,0
"45",7250,19,"Inter-Mountain Basins Curl-leaf Mountain Mahogany Shrubland",7062,2062,"Tr Inter-Mountain Basins Curl-leaf Mountain Mahogany Woodland and Shrubland","Shrub","Shrubland",628,"Mountain Mahogany Woodland and Shrubland","SRM 415: Curlleaf Mountain-Mahogany","Shrub-dominated","Shrubland","Mixed evergreen-deciduous shrubland",155,235,216,0.607843,0.921569,0.847059,4,0
"46",7292,698299,"Open Water",7292,11,"Ba Open Water","Water","Open Water",11,"Open Water","LF 11: Water","Non-vegetated","Non-vegetated","Non-vegetated",0,0,255,0,0,1,155298,0.4
"47",7295,80374,"Quarries-Strip Mines-Gravel Pits-Well and Wind Pads",7295,32,"Bab Quarries-Strip Mines-Gravel Pits-Well and Wind Pads","Barren","Quarries-Strip Mines-Gravel Pits-Well and Wind Pads",32,"Quarries-Strip Mines-Gravel Pits-Well and Wind Pads","LF 20: Developed","Non-vegetated","Non-vegetated","Developed",230,232,250,0.901961,0.909804,0.980392,17875,0
"48",7296,191571,"Developed-Low Intensity",7296,2902,"Bau Developed-Low Intensity","Developed","Developed-Low Intensity",22,"Developed-Low Intensity","LF 20: Developed","No Dominant Lifeform","No Dominant Lifeform","Developed",255,122,143,1,0.478431,0.560784,42604,0.1
"49",7297,81600,"Developed-Medium Intensity",7297,2903,"Bau Developed-Medium Intensity","Developed","Developed-Medium Intensity",23,"Developed-Medium Intensity","LF 20: Developed","No Dominant Lifeform","No Dominant Lifeform","Developed",253,44,79,0.992157,0.172549,0.309804,18147,0.1
"50",7298,21847,"Developed-High Intensity",7298,2904,"Bau Developed-High Intensity","Developed","Developed-High Intensity",24,"Developed-High Intensity","LF 20: Developed","No Dominant Lifeform","No Dominant Lifeform","Developed",173,0,28,0.678431,0,0.109804,4859,0
"51",7299,1099589,"Developed-Roads",7299,2905,"Bau Developed-Roads","Developed","Developed-Roads",25,"Developed-Roads","LF 20: Developed","No Dominant Lifeform","No Dominant Lifeform","Developed",1,1,1,0.003922,0.003922,0.003922,244543,0.7
"52",7735,681152,"North American Glacier and Ice Field",7735,12,"Ba Snow-Ice","Snow-Ice","Snow-Ice",12,"Snow-Ice","LF 12: Snow-Ice","Non-vegetated","Non-vegetated","Non-vegetated",159,161,240,0.623529,0.631373,0.941176,151485,0.4
"53",7900,114233,"Western Cool Temperate Urban Deciduous Forest",7900,2913,"Dtd Urban Deciduous Forest","Tree","Developed",13,"Developed-Upland Deciduous Forest","LF 20: Developed","Tree-dominated","Open tree canopy","Deciduous open tree canopy",112,68,137,0.439216,0.266667,0.537255,25405,0.1
"54",7901,210646,"Western Cool Temperate Urban Evergreen Forest",7901,2914,"Dtc Urban Evergreen Forest","Tree","Developed",14,"Developed-Upland Evergreen Forest","LF 20: Developed","Tree-dominated","Open tree canopy","Evergreen open tree canopy",170,102,205,0.666667,0.4,0.803922,46847,0.1
"55",7902,49299,"Western Cool Temperate Urban Mixed Forest",7902,2915,"Dtm Urban Mixed Deciduous-Evergreen Forest","Tree","Developed",15,"Developed-Upland Mixed Forest","LF 20: Developed","Tree-dominated","Open tree canopy","Mixed evergreen-deciduous open tree canopy",194,158,215,0.760784,0.619608,0.843137,10964,0
"56",7903,98807,"Western Cool Temperate Urban Herbaceous",7903,2916,"Dgr Urban Herbaceous","Herb","Developed",16,"Developed-Upland Herbaceous","LF 20: Developed","Herbaceous / Nonvascular-dominated","Herbaceous - grassland","Perennial graminoid",202,122,245,0.792157,0.478431,0.960784,21974,0.1
"57",7904,330729,"Western Cool Temperate Urban Shrubland",7904,2917,"Dsh Urban Shrubland","Shrub","Developed",17,"Developed-Upland Shrubland","LF 20: Developed","Shrub-dominated","Shrubland","Mixed evergreen-deciduous shrubland",207,171,215,0.811765,0.670588,0.843137,73552,0.2
"58",7910,452,"Western Warm Temperate Urban Deciduous Forest",7910,2913,"Dtd Urban Deciduous Forest","Tree","Developed",13,"Developed-Upland Deciduous Forest","LF 20: Developed","Tree-dominated","Open tree canopy","Deciduous open tree canopy",112,68,137,0.439216,0.266667,0.537255,101,0
"59",7911,3777,"Western Warm Temperate Urban Evergreen Forest",7911,2914,"Dtc Urban Evergreen Forest","Tree","Developed",14,"Developed-Upland Evergreen Forest","LF 20: Developed","Tree-dominated","Open tree canopy","Evergreen open tree canopy",170,102,205,0.666667,0.4,0.803922,840,0
"60",7912,84,"Western Warm Temperate Urban Mixed Forest",7912,2915,"Dtm Urban Mixed Deciduous-Evergreen Forest","Tree","Developed",15,"Developed-Upland Mixed Forest","LF 20: Developed","Tree-dominated","Open tree canopy","Mixed evergreen-deciduous open tree canopy",194,158,215,0.760784,0.619608,0.843137,19,0
"61",7913,436,"Western Warm Temperate Urban Herbaceous",7913,2916,"Dgr Urban Herbaceous","Herb","Developed",16,"Developed-Upland Herbaceous","LF 20: Developed","Herbaceous / Nonvascular-dominated","Herbaceous - grassland","Perennial graminoid",202,122,245,0.792157,0.478431,0.960784,97,0
"62",7914,8607,"Western Warm Temperate Urban Shrubland",7914,2917,"Dsh Urban Shrubland","Shrub","Developed",17,"Developed-Upland Shrubland","LF 20: Developed","Shrub-dominated","Shrubland","Mixed evergreen-deciduous shrubland",207,171,215,0.811765,0.670588,0.843137,1914,0
"63",7920,14306,"Western Cool Temperate Developed Deciduous Forest",7920,2908,"Dtd Developed Deciduous Forest","Tree","Developed",13,"Developed-Upland Deciduous Forest","LF 20: Developed","Tree-dominated","Open tree canopy","Deciduous open tree canopy",64,61,168,0.25098,0.239216,0.658824,3182,0
"64",7921,107906,"Western Cool Temperate Developed Evergreen Forest",7921,2909,"Dtc Developed Evergreen Forest","Tree","Developed",14,"Developed-Upland Evergreen Forest","LF 20: Developed","Tree-dominated","Open tree canopy","Evergreen open tree canopy",102,119,205,0.4,0.466667,0.803922,23998,0.1
"65",7922,10765,"Western Cool Temperate Developed Mixed Forest",7922,2910,"Dtm Developed Mixed Deciduous-Evergreen Forest","Tree","Developed",15,"Developed-Upland Mixed Forest","LF 20: Developed","Tree-dominated","Open tree canopy","Mixed evergreen-deciduous open tree canopy",68,79,137,0.266667,0.309804,0.537255,2394,0
"66",7923,41670,"Western Cool Temperate Developed Shrubland",7923,2912,"Dsh Developed Shrubland","Shrub","Developed",17,"Developed-Upland Shrubland","LF 20: Developed","Shrub-dominated","Shrubland","Mixed evergreen-deciduous shrubland",122,142,245,0.478431,0.556863,0.960784,9267,0
"67",7924,27005,"Western Cool Temperate Developed Herbaceous",7924,2911,"Dgr Developed Herbaceous","Herb","Developed",16,"Developed-Upland Herbaceous","LF 20: Developed","Herbaceous / Nonvascular-dominated","Herbaceous - grassland","Perennial graminoid",158,170,215,0.619608,0.666667,0.843137,6006,0
"68",7931,4462,"Western Warm Temperate Developed Evergreen Forest",7931,2909,"Dtc Developed Evergreen Forest","Tree","Developed",14,"Developed-Upland Evergreen Forest","LF 20: Developed","Tree-dominated","Open tree canopy","Evergreen open tree canopy",102,119,205,0.4,0.466667,0.803922,992,0
"69",7932,170,"Western Warm Temperate Developed Mixed Forest",7932,2910,"Dtm Developed Mixed Deciduous-Evergreen Forest","Tree","Developed",15,"Developed-Upland Mixed Forest","LF 20: Developed","Tree-dominated","Open tree canopy","Mixed evergreen-deciduous open tree canopy",68,79,137,0.266667,0.309804,0.537255,38,0
"70",7933,1866,"Western Warm Temperate Developed Shrubland",7933,2912,"Dsh Developed Shrubland","Shrub","Developed",17,"Developed-Upland Shrubland","LF 20: Developed","Shrub-dominated","Shrubland","Mixed evergreen-deciduous shrubland",122,142,245,0.478431,0.556863,0.960784,415,0
"71",7934,161,"Western Warm Temperate Developed Herbaceous",7934,2911,"Dgr Developed Herbaceous","Herb","Developed",16,"Developed-Upland Herbaceous","LF 20: Developed","Herbaceous / Nonvascular-dominated","Herbaceous - grassland","Perennial graminoid",158,170,215,0.619608,0.666667,0.843137,36,0
"72",7960,638,"Western Cool Temperate Orchard",7960,2960,"Dab Orchard","Tree","Agricultural",60,"Agricultural-Orchard","LF 80: Agriculture","Tree-dominated","Open tree canopy","Deciduous open tree canopy",210,28,94,0.823529,0.109804,0.368627,142,0
"73",7961,12,"Western Cool Temperate Vineyard",7961,2961,"Da Vineyard","Agriculture","Agricultural",61,"Agricultural-Vineyard","LF 80: Agriculture","Shrub-dominated","Shrubland","Mixed evergreen-deciduous shrubland",168,0,132,0.658824,0,0.517647,3,0
"74",7963,2384,"Western Cool Temperate Row Crop - Close Grown Crop",7963,2963,"Da Row Crop - Close Grown Crop","Agriculture","Agricultural",63,"Agricultural-Row Crop-Close Grown Crop","LF 80: Agriculture","Herbaceous / Nonvascular-dominated","Herbaceous - grassland","Annual Graminoid/Forb",255,245,140,1,0.960784,0.54902,530,0
"75",7964,9376,"Western Cool Temperate Row Crop",7964,2964,"Da Row Crop","Agriculture","Agricultural",64,"Agricultural-Row Crop","LF 80: Agriculture","Herbaceous / Nonvascular-dominated","Herbaceous - grassland","Annual Graminoid/Forb",250,255,119,0.980392,1,0.466667,2085,0
"76",7965,335705,"Western Cool Temperate Close Grown Crop",7965,2965,"Da Close Grown Crop","Agriculture","Agricultural",65,"Agricultural-Close Grown Crop","LF 80: Agriculture","Herbaceous / Nonvascular-dominated","Herbaceous - grassland","Annual Graminoid/Forb",255,237,119,1,0.929412,0.466667,74659,0.2
"77",7966,191961,"Western Cool Temperate Fallow/Idle Cropland",7966,2966,"Dab Fallow/Idle Cropland","Herb","Agricultural",66,"Agricultural-Fallow/Idle Cropland","LF 80: Agriculture","Herbaceous / Nonvascular-dominated","Herbaceous - grassland","Annual Graminoid/Forb",255,255,119,1,1,0.466667,42691,0.1
"78",7967,2333900,"Western Cool Temperate Pasture and Hayland",7967,2967,"Dab Pasture and Hayland","Herb","Agricultural",67,"Agricultural-Pasture and Hayland","LF 80: Agriculture","Herbaceous / Nonvascular-dominated","Herbaceous - grassland","Annual Graminoid/Forb",227,212,28,0.890196,0.831373,0.109804,519047,1.4
"79",7968,5521,"Western Cool Temperate Wheat",7968,2968,"Da Wheat","Agriculture","Agricultural",68,"Agricultural-Wheat","LF 80: Agriculture","Herbaceous / Nonvascular-dominated","Herbaceous - grassland","Annual Graminoid/Forb",250,227,163,0.980392,0.890196,0.639216,1228,0
"80",7980,26,"Western Warm Temperate Orchard",7980,2960,"Dab Orchard","Tree","Agricultural",60,"Agricultural-Orchard","LF 80: Agriculture","Tree-dominated","Open tree canopy","Deciduous open tree canopy",210,28,94,0.823529,0.109804,0.368627,6,0
"81",7984,48,"Western Warm Temperate Row Crop",7984,2964,"Da Row Crop","Agriculture","Agricultural",64,"Agricultural-Row Crop","LF 80: Agriculture","Herbaceous / Nonvascular-dominated","Herbaceous - grassland","Annual Graminoid/Forb",250,255,119,0.980392,1,0.466667,11,0
"82",7985,1766,"Western Warm Temperate Close Grown Crop",7985,2965,"Da Close Grown Crop","Agriculture","Agricultural",65,"Agricultural-Close Grown Crop","LF 80: Agriculture","Herbaceous / Nonvascular-dominated","Herbaceous - grassland","Annual Graminoid/Forb",255,237,119,1,0.929412,0.466667,393,0
"83",7986,1403,"Western Warm Temperate Fallow/Idle Cropland",7986,2966,"Dab Fallow/Idle Cropland","Herb","Agricultural",66,"Agricultural-Fallow/Idle Cropland","LF 80: Agriculture","Herbaceous / Nonvascular-dominated","Herbaceous - grassland","Annual Graminoid/Forb",255,255,119,1,1,0.466667,312,0
"84",7987,4548,"Western Warm Temperate Pasture and Hayland",7987,2967,"Dab Pasture and Hayland","Herb","Agricultural",67,"Agricultural-Pasture and Hayland","LF 80: Agriculture","Herbaceous / Nonvascular-dominated","Herbaceous - grassland","Annual Graminoid/Forb",227,212,28,0.890196,0.831373,0.109804,1011,0
"85",7988,20,"Western Warm Temperate Wheat",7988,2968,"Da Wheat","Agriculture","Agricultural",68,"Agricultural-Wheat","LF 80: Agriculture","Herbaceous / Nonvascular-dominated","Herbaceous - grassland","Annual Graminoid/Forb",250,227,163,0.980392,0.890196,0.639216,4,0
"86",9001,67204,"Colorado Plateau Mixed Bedrock Canyon and Tableland",9001,2001,"Sps Inter-Mountain Basins Sparsely Vegetated Systems","Sparse","Sparsely Vegetated",700,"Sparse Vegetation","LF 33: Sparsely Vegetated","No Dominant Lifeform","Sparsely vegetated","Sparsely vegetated",100,100,100,0.392157,0.392157,0.392157,14946,0
"87",9004,1394,"Inter-Mountain Basins Active and Stabilized Dune",9004,2001,"Sps Inter-Mountain Basins Sparsely Vegetated Systems","Sparse","Sparsely Vegetated",700,"Sparse Vegetation","LF 33: Sparsely Vegetated","No Dominant Lifeform","Sparsely vegetated","Sparsely vegetated",100,100,100,0.392157,0.392157,0.392157,310,0
"88",9006,5,"Inter-Mountain Basins Cliff and Canyon",9006,2001,"Sps Inter-Mountain Basins Sparsely Vegetated Systems","Sparse","Sparsely Vegetated",700,"Sparse Vegetation","LF 33: Sparsely Vegetated","No Dominant Lifeform","Sparsely vegetated","Sparsely vegetated",100,100,100,0.392157,0.392157,0.392157,1,0
"89",9009,20,"Inter-Mountain Basins Shale Badland",9009,2001,"Sps Inter-Mountain Basins Sparsely Vegetated Systems","Sparse","Sparsely Vegetated",700,"Sparse Vegetation","LF 33: Sparsely Vegetated","No Dominant Lifeform","Sparsely vegetated","Sparsely vegetated",100,100,100,0.392157,0.392157,0.392157,4,0
"90",9011,21050,"North American Arid West Emergent Marsh",9011,2225,"He North American Arid West Emergent Marsh","Herb","Riparian",765,"Freshwater Marsh","LF 56: Western Herbaceous Wetland","Herbaceous / Nonvascular-dominated","Herbaceous - grassland","Perennial graminoid grassland",250,100,56,0.980392,0.392157,0.219608,4681,0
"91",9015,6,"Northwestern Great Plains Riparian Forest ",9015,2162,"Tr Western Great Plains Floodplain Systems","Tree","Riparian",635,"Western Riparian Woodland and Shrubland","LF 42: Great Plains Riparian","Tree-dominated","Open tree canopy","Deciduous open tree canopy",6,53,122,0.023529,0.207843,0.478431,1,0
"92",9016,3270393,"Rocky Mountain Alpine Bedrock and Scree",9016,2006,"Sps Rocky Mountain Alpine/Montane Sparsely Vegetated Systems","Sparse","Sparsely Vegetated",700,"Sparse Vegetation","LF 33: Sparsely Vegetated","No Dominant Lifeform","Sparsely vegetated","Sparsely vegetated",100,100,100,0.392157,0.392157,0.392157,727318,2
"93",9017,1255557,"Rocky Mountain Alpine-Montane Wet Meadow",9017,2176,"He Rocky Mountain Alpine-Montane Wet Meadow","Herb","Riparian",669,"Western Herbaceous Wetland","SRM 422: Riparian","Herbaceous / Nonvascular-dominated","Herbaceous - grassland","Perennial graminoid grassland",184,96,24,0.721569,0.376471,0.094118,279229,0.8
"94",9018,1361621,"Rocky Mountain Cliff Canyon and Massive Bedrock",9018,2006,"Sps Rocky Mountain Alpine/Montane Sparsely Vegetated Systems","Sparse","Sparsely Vegetated",700,"Sparse Vegetation","LF 33: Sparsely Vegetated","No Dominant Lifeform","Sparsely vegetated","Sparsely vegetated",100,100,100,0.392157,0.392157,0.392157,302817,0.8
"95",9019,912328,"Rocky Mountain Lower Montane-Foothill Riparian Woodland",9019,2159,"Tr Rocky Mountain Montane Riparian Systems","Tree","Riparian",635,"Western Riparian Woodland and Shrubland","SAF 235: Cottonwood-Willow","Tree-dominated","Open tree canopy","Mixed evergreen-deciduous open tree canopy",73,171,186,0.286275,0.670588,0.729412,202897,0.6
"96",9021,481600,"Rocky Mountain Subalpine-Montane Riparian Shrubland",9021,2160,"Tr Rocky Mountain Subalpine/Upper Montane Riparian Systems","Shrub","Riparian",635,"Western Riparian Woodland and Shrubland","SRM 422: Riparian","Shrub-dominated","Shrubland","Mixed evergreen-deciduous shrubland",184,96,24,0.721569,0.376471,0.094118,107105,0.3
"97",9022,904280,"Rocky Mountain Subalpine-Montane Riparian Woodland",9022,2160,"Tr Rocky Mountain Subalpine/Upper Montane Riparian Systems","Tree","Riparian",635,"Western Riparian Woodland and Shrubland","SRM 422: Riparian","Tree-dominated","Open tree canopy","Mixed evergreen-deciduous open tree canopy",184,96,24,0.721569,0.376471,0.094118,201107,0.6
"98",9023,69,"Western Great Plains Badlands",9023,2007,"Sps Western Great Plains Sparsely Vegetated Systems","Sparse","Sparsely Vegetated",700,"Sparse Vegetation","LF 33: Sparsely Vegetated","No Dominant Lifeform","Sparsely vegetated","Sparsely vegetated",100,100,100,0.392157,0.392157,0.392157,15,0
"99",9024,60558,"Western Great Plains Cliff and Outcrop",9024,2007,"Sps Western Great Plains Sparsely Vegetated Systems","Sparse","Sparsely Vegetated",700,"Sparse Vegetation","LF 33: Sparsely Vegetated","No Dominant Lifeform","Sparsely vegetated","Sparsely vegetated",100,100,100,0.392157,0.392157,0.392157,13468,0
"100",9025,9,"Western Great Plains Closed Depression Wetland",9025,2495,"He Western Great Plains Depressional Wetland Systems","Herb","Riparian",650,"Depressional Wetland","SRM 601: Bluestem Prairie","Herbaceous / Nonvascular-dominated","Herbaceous - grassland","Perennial graminoid grassland",255,137,64,1,0.537255,0.25098,2,0
"101",9026,5,"Western Great Plains Floodplain Forest and Woodland",9026,2162,"Tr Western Great Plains Floodplain Systems","Tree","Riparian",635,"Western Riparian Woodland and Shrubland","LF 42: Great Plains Riparian","Tree-dominated","Open tree canopy","Deciduous open tree canopy",6,53,122,0.023529,0.207843,0.478431,1,0
"102",9028,168,"Western Great Plains Riparian Woodland",9028,2162,"Tr Western Great Plains Floodplain Systems","Tree","Riparian",635,"Western Riparian Woodland and Shrubland","LF 42: Great Plains Riparian","Tree-dominated","Open tree canopy","Deciduous open tree canopy",6,53,122,0.023529,0.207843,0.478431,37,0
"103",9307,37520,"Great Basin & Intermountain Introduced Annual and Biennial Forbland",9307,2272,"He Great Basin & Intermountain Introduced Annual and Biennial Forbland","Herb","Exotic Herbaceous",704,"Introduced Annual and Biennial Forbland","LF 54: Introduced Upland Vegetation - Herbaceous","Herbaceous / Nonvascular-dominated","Herbaceous - grassland","Annual Graminoid/Forb",255,105,46,1,0.411765,0.180392,8344,0
"104",9308,103,"Great Basin & Intermountain Introduced Annual Grassland",9308,2273,"He Great Basin & Intermountain Introduced Annual Grassland","Herb","Exotic Herbaceous",702,"Introduced Annual Grassland","LF 54: Introduced Upland Vegetation - Herbaceous","Herbaceous / Nonvascular-dominated","Herbaceous - grassland","Annual Graminoid/Forb",255,105,46,1,0.411765,0.180392,23,0
"105",9309,408096,"Great Basin & Intermountain Introduced Perennial Grassland and Forbland",9309,2274,"He Great Basin & Intermountain Introduced Perennial Grassland and Forbland","Herb","Exotic Herbaceous",703,"Introduced Perennial Grassland and Forbland","LF 54: Introduced Upland Vegetation - Herbaceous","Herbaceous / Nonvascular-dominated","Herbaceous - grassland","Perennial graminoid grassland",255,105,46,1,0.411765,0.180392,90758,0.3
"106",9316,169,"Northern & Central Plains Ruderal & Planted Shrubland",9316,2567,"Sh Northern & Central Plains Ruderal & Planted Grassland & Shrubland","Shrub","Exotic Tree-Shrub",706,"Introduced Upland Vegetation-Shrub","LF 52: Introduced Upland Vegetation - Shrub","Shrub-dominated","Shrubland","Deciduous shrubland",255,105,46,1,0.411765,0.180392,38,0
"107",9327,5,"Interior West Ruderal Riparian Forest",9327,2278,"Tr Interior West Ruderal Riparian Forest & Scrub","Tree","Riparian",701,"Introduced Riparian Vegetation","LF 58: Introduced Woody Wetlands and Riparian Vegetation","Tree-dominated","Open tree canopy","Mixed evergreen-deciduous open tree canopy",255,105,46,1,0.411765,0.180392,1,0
"108",9328,309840,"Interior Western North American Temperate Ruderal Shrubland",9328,2279,"Sh Interior Western North American Temperate Ruderal Grassland & Shrubland","Shrub","Exotic Tree-Shrub",706,"Introduced Upland Vegetation-Shrub","LF 52: Introduced Upland Vegetation - Shrub","Shrub-dominated","Shrubland","Mixed evergreen-deciduous shrubland",255,105,46,1,0.411765,0.180392,68907,0.2
"109",9329,4750,"Western North American Ruderal Wet Shrubland",9329,2280,"Sh Western North American Ruderal Wet Shrubland Meadow & Marsh","Shrub","Riparian",708,"Introduced Woody Wetland Vegetation","LF 58: Introduced Woody Wetlands and Riparian Vegetation","Shrub-dominated","Shrubland","Mixed evergreen-deciduous shrubland",255,105,46,1,0.411765,0.180392,1056,0
"110",9336,107588,"Great Basin & Intermountain Ruderal Shrubland",9336,2282,"Sh Great Basin & Intermountain Ruderal Shrubland","Shrub","Exotic Tree-Shrub",706,"Introduced Upland Vegetation-Shrub","LF 52: Introduced Upland Vegetation - Shrub","Shrub-dominated","Shrubland","Mixed evergreen-deciduous shrubland",255,105,46,1,0.411765,0.180392,23927,0.1
"111",9516,62,"Northwestern Great Plains Riparian Herbaceous",9015,2162,"Tr Western Great Plains Floodplain Systems","Herb","Riparian",669,"Western Herbaceous Wetland","LF 42: Great Plains Riparian","Herbaceous / Nonvascular-dominated","Herbaceous - grassland","Perennial graminoid grassland",6,53,122,0.023529,0.207843,0.478431,14,0
"112",9519,447729,"Rocky Mountain Lower Montane-Foothill Riparian Shrubland",9019,2159,"Tr Rocky Mountain Montane Riparian Systems","Shrub","Riparian",635,"Western Riparian Woodland and Shrubland","SAF 235: Cottonwood-Willow","Shrub-dominated","Shrubland","Mixed evergreen-deciduous shrubland",73,171,186,0.286275,0.670588,0.729412,99573,0.3
"113",9527,3,"Western Great Plains Floodplain Herbaceous",9026,2162,"Tr Western Great Plains Floodplain Systems","Herb","Riparian",635,"Western Riparian Woodland and Shrubland","LF 42: Great Plains Riparian","Herbaceous / Nonvascular-dominated","Herbaceous - grassland","Perennial graminoid",6,53,122,0.023529,0.207843,0.478431,1,0
"114",9528,61,"Western Great Plains Riparian Shrubland",9028,2162,"Tr Western Great Plains Floodplain Systems","Shrub","Riparian",635,"Western Riparian Woodland and Shrubland","LF 42: Great Plains Riparian","Shrub-dominated","Shrubland","Mixed evergreen-deciduous shrubland",6,53,122,0.023529,0.207843,0.478431,14,0
"115",9529,226,"Western Great Plains Riparian Herbaceous",9028,2162,"Tr Western Great Plains Floodplain Systems","Herb","Riparian",669,"Western Herbaceous Wetland","LF 42: Great Plains Riparian","Herbaceous / Nonvascular-dominated","Herbaceous - grassland","Perennial graminoid grassland",6,53,122,0.023529,0.207843,0.478431,50,0
"116",9816,146,"Northern & Central Plains Ruderal & Planted Grassland",9316,2567,"Sh Northern & Central Plains Ruderal & Planted Grassland & Shrubland","Herb","Exotic Herbaceous",703,"Introduced Perennial Grassland and Forbland","LF 54: Introduced Upland Vegetation - Herbaceous","Herbaceous / Nonvascular-dominated","Herbaceous - grassland","Perennial graminoid grassland",255,105,46,1,0.411765,0.180392,32,0
"117",9825,2,"Great Plains Comanchian Ruderal Grassland",9325,2561,"Sh Great Plains Comanchian Ruderal Grassland & Shrubland","Herb","Exotic Herbaceous",703,"Introduced Perennial Grassland and Forbland","LF 54: Introduced Upland Vegetation - Herbaceous","Herbaceous / Nonvascular-dominated","Herbaceous - grassland","Perennial graminoid grassland",255,105,46,1,0.411765,0.180392,0,0
"118",9827,22,"Interior West Ruderal Riparian Scrub",9327,2278,"Tr Interior West Ruderal Riparian Forest & Scrub","Shrub","Riparian",701,"Introduced Riparian Vegetation","LF 58: Introduced Woody Wetlands and Riparian Vegetation","Shrub-dominated","Shrubland","Mixed evergreen-deciduous shrubland",255,105,46,1,0.411765,0.180392,5,0
"119",9828,1490279,"Interior Western North American Temperate Ruderal Grassland",9328,2279,"Sh Interior Western North American Temperate Ruderal Grassland & Shrubland","Herb","Exotic Herbaceous",703,"Introduced Perennial Grassland and Forbland","LF 54: Introduced Upland Vegetation - Herbaceous","Herbaceous / Nonvascular-dominated","Herbaceous - grassland","Perennial graminoid grassland",255,105,46,1,0.411765,0.180392,331430,0.9
"120",9829,52311,"Western North American Ruderal Wet Meadow & Marsh",9329,2280,"Sh Western North American Ruderal Wet Shrubland Meadow & Marsh","Herb","Riparian",709,"Introduced Herbaceous Wetland Vegetation","LF 59: Introduced Herbaceous Wetland and Riparian Vegetation","Herbaceous / Nonvascular-dominated","Herbaceous - grassland","Perennial graminoid grassland",255,105,46,1,0.411765,0.180392,11634,0
